{"cameraMode":{"drawMode":0,"name":"Shaded","section":"Shading Mode"},"sceneLighting":true,"audioPlay":false,"sceneViewState":{"m_AlwaysRefresh":false,"showFog":true,"showSkybox":true,"showFlares":true,"showImageEffects":true,"showParticleSystems":true,"showVisualEffectGraphs":true,"m_FxEnabled":true},"in2DMode":false,"pivot":{"x":-1.1064000129699708,"y":0.723409116268158,"z":-1.1895755529403687},"rotation":{"x":0.22816789150238038,"y":-0.47809210419654848,"z":0.13015452027320863,"w":0.8381121754646301},"size":3.832585334777832,"orthographic":true}