{"cameraMode":{"drawMode":0,"name":"Shaded","section":"Shading Mode"},"sceneLighting":true,"audioPlay":false,"sceneViewState":{"m_AlwaysRefresh":false,"showFog":true,"showSkybox":true,"showFlares":true,"showImageEffects":true,"showParticleSystems":true,"showVisualEffectGraphs":true,"m_FxEnabled":true},"in2DMode":false,"pivot":{"x":-1.1064000129699708,"y":0.723409116268158,"z":-1.1895755529403687},"rotation":{"x":0.2933914065361023,"y":-0.19216658174991609,"z":0.060327138751745227,"w":0.934537947177887},"size":7.040419578552246,"orthographic":true}