{"cameraMode":{"drawMode":0,"name":"Shaded","section":"Shading Mode"},"sceneLighting":true,"audioPlay":false,"sceneViewState":{"m_AlwaysRefresh":true,"showFog":true,"showSkybox":true,"showFlares":true,"showImageEffects":true,"showParticleSystems":true,"showVisualEffectGraphs":true,"m_FxEnabled":true},"in2DMode":false,"pivot":{"x":-0.8591218590736389,"y":-0.07640840858221054,"z":-4.994285583496094},"rotation":{"x":0.33266010880470278,"y":-0.16959334909915925,"z":0.06094401329755783,"w":0.9256730079650879},"size":9.980451583862305,"orthographic":true}